timeStamp,elapsed,label,responseCode,responseMessage,threadName,dataType,success,failureMessage,bytes,sentBytes,grpThreads,allThreads,URL,Latency,IdleTime,Connect
1649942002914,374,Step5/node_modules/tether/dist/js/tether.min.js-319,200,OK,Contanct Information 5-1,text,true,,9362,433,2,11,https://www.demoblaze.com/node_modules/tether/dist/js/tether.min.js,368,0,121
1649942003164,379,Step5/node_modules/tether/dist/js/tether.min.js-319,200,OK,Contanct Information 5-2,text,true,,9449,433,3,17,https://www.demoblaze.com/node_modules/tether/dist/js/tether.min.js,376,0,122
1649942003288,268,Step5/imgs/front.jpg-320,200,OK,Contanct Information 5-1,bin,true,,24949,427,3,17,https://www.demoblaze.com/imgs/front.jpg,247,0,0
1649942003413,210,Step5/node_modules/tether/dist/js/tether.min.js-319,200,OK,Contanct Information 5-3,text,true,,9381,433,3,19,https://www.demoblaze.com/node_modules/tether/dist/js/tether.min.js,203,0,150
1649942003556,263,Step5/index.html-321,200,OK,Contanct Information 5-1,text,true,,19902,536,4,23,https://www.demoblaze.com/index.html,247,0,0
1649942003544,275,Step5/imgs/front.jpg-320,200,OK,Contanct Information 5-2,bin,true,,24949,427,4,23,https://www.demoblaze.com/imgs/front.jpg,251,0,0
1649942003662,184,Step5/node_modules/tether/dist/js/tether.min.js-319,200,OK,Contanct Information 5-4,text,true,,9331,433,4,23,https://www.demoblaze.com/node_modules/tether/dist/js/tether.min.js,177,0,124
1649942003623,271,Step5/imgs/front.jpg-320,200,OK,Contanct Information 5-3,bin,true,,24949,427,4,23,https://www.demoblaze.com/imgs/front.jpg,250,0,0
1649942003820,80,Step5/canonical.html-324,200,OK,Contanct Information 5-1,text,true,,302,301,4,23,http://detectportal.firefox.com/canonical.html,80,0,53
1649942003846,77,Step5/imgs/front.jpg-320,200,OK,Contanct Information 5-4,bin,true,,24949,427,5,26,https://www.demoblaze.com/imgs/front.jpg,51,0,0
1649942003895,62,Step5/index.html-321,200,OK,Contanct Information 5-3,text,true,,19902,536,5,26,https://www.demoblaze.com/index.html,50,0,0
1649942003924,66,Step5/index.html-321,200,OK,Contanct Information 5-4,text,true,,19902,536,5,24,https://www.demoblaze.com/index.html,54,0,0
1649942003959,52,Step5/canonical.html-324,200,OK,Contanct Information 5-3,text,true,,302,301,5,23,http://detectportal.firefox.com/canonical.html,52,0,16
1649942003990,48,Step5/canonical.html-324,200,OK,Contanct Information 5-4,text,true,,302,301,5,23,http://detectportal.firefox.com/canonical.html,48,0,20
1649942003819,256,Step5/index.html-321,200,OK,Contanct Information 5-2,text,true,,19902,536,5,23,https://www.demoblaze.com/index.html,241,0,0
1649942003912,191,Step5/node_modules/tether/dist/js/tether.min.js-319,200,OK,Contanct Information 5-5,text,true,,9150,433,5,22,https://www.demoblaze.com/node_modules/tether/dist/js/tether.min.js,184,0,133
1649942004077,36,Step5/canonical.html-324,200,OK,Contanct Information 5-2,text,true,,302,301,5,23,http://detectportal.firefox.com/canonical.html,36,0,16
1649942003900,271,Step5/node_modules/bootstrap/dist/css/bootstrap.min.css-322,200,OK,Contanct Information 5-1,text,true,,28412,455,6,23,https://www.demoblaze.com/node_modules/bootstrap/dist/css/bootstrap.min.css,253,0,0
1649942004105,71,Step5/imgs/front.jpg-320,200,OK,Contanct Information 5-5,bin,true,,24949,427,6,23,https://www.demoblaze.com/imgs/front.jpg,50,0,0
1649942004172,50,Step5/success.txt-329,200,OK,Contanct Information 5-1,text,true,,220,303,6,22,http://detectportal.firefox.com/success.txt?ipv4,50,0,0
1649942004222,14,Step5/success.txt-330,200,OK,Contanct Information 5-1,text,true,,220,303,6,22,http://detectportal.firefox.com/success.txt?ipv6,14,0,0
1649942004176,96,Step5/index.html-321,200,OK,Contanct Information 5-5,text,true,,19902,536,6,22,https://www.demoblaze.com/index.html,82,0,0
1649942004011,270,Step5/node_modules/bootstrap/dist/css/bootstrap.min.css-322,200,OK,Contanct Information 5-3,text,true,,28559,455,6,22,https://www.demoblaze.com/node_modules/bootstrap/dist/css/bootstrap.min.css,251,0,0
1649942004282,17,Step5/success.txt-329,200,OK,Contanct Information 5-3,text,true,,220,303,6,22,http://detectportal.firefox.com/success.txt?ipv4,17,0,0
1649942004039,272,Step5/node_modules/bootstrap/dist/css/bootstrap.min.css-322,200,OK,Contanct Information 5-4,text,true,,28419,455,6,23,https://www.demoblaze.com/node_modules/bootstrap/dist/css/bootstrap.min.css,253,0,0
1649942004272,42,Step5/canonical.html-324,200,OK,Contanct Information 5-5,text,true,,302,301,6,23,http://detectportal.firefox.com/canonical.html,42,0,16
1649942004299,16,Step5/success.txt-330,200,OK,Contanct Information 5-3,text,true,,220,303,6,23,http://detectportal.firefox.com/success.txt?ipv6,16,0,0
1649942004311,13,Step5/success.txt-329,200,OK,Contanct Information 5-4,text,true,,220,303,6,23,http://detectportal.firefox.com/success.txt?ipv4,13,0,0
1649942004324,14,Step5/success.txt-330,200,OK,Contanct Information 5-4,text,true,,220,303,6,23,http://detectportal.firefox.com/success.txt?ipv6,14,0,0
1649942004165,208,Step5/node_modules/tether/dist/js/tether.min.js-319,200,OK,Contanct Information 5-6,text,true,,9386,433,6,22,https://www.demoblaze.com/node_modules/tether/dist/js/tether.min.js,200,0,149
1649942004113,272,Step5/node_modules/bootstrap/dist/css/bootstrap.min.css-322,200,OK,Contanct Information 5-2,text,true,,28885,455,6,22,https://www.demoblaze.com/node_modules/bootstrap/dist/css/bootstrap.min.css,250,0,0
1649942004314,71,Step5/node_modules/bootstrap/dist/css/bootstrap.min.css-322,200,OK,Contanct Information 5-5,text,true,,28256,455,6,22,https://www.demoblaze.com/node_modules/bootstrap/dist/css/bootstrap.min.css,51,0,0
1649942004385,14,Step5/success.txt-329,200,OK,Contanct Information 5-5,text,true,,220,303,6,22,http://detectportal.firefox.com/success.txt?ipv4,14,0,0
1649942004385,15,Step5/success.txt-329,200,OK,Contanct Information 5-2,text,true,,220,303,6,22,http://detectportal.firefox.com/success.txt?ipv4,15,0,0
1649942004400,13,Step5/success.txt-330,200,OK,Contanct Information 5-5,text,true,,220,303,7,23,http://detectportal.firefox.com/success.txt?ipv6,13,0,0
1649942004400,15,Step5/success.txt-330,200,OK,Contanct Information 5-2,text,true,,220,303,7,23,http://detectportal.firefox.com/success.txt?ipv6,15,0,0
1649942004373,71,Step5/imgs/front.jpg-320,200,OK,Contanct Information 5-6,bin,true,,24949,427,7,23,https://www.demoblaze.com/imgs/front.jpg,50,0,0
1649942004236,273,Step5/node_modules/jquery/dist/jquery.min.js-325,200,OK,Contanct Information 5-1,text,true,,36020,430,7,23,https://www.demoblaze.com/node_modules/jquery/dist/jquery.min.js,253,0,0
1649942004315,267,Step5/node_modules/jquery/dist/jquery.min.js-325,200,OK,Contanct Information 5-3,text,true,,35923,430,7,22,https://www.demoblaze.com/node_modules/jquery/dist/jquery.min.js,246,0,0
1649942004414,177,Step5/node_modules/tether/dist/js/tether.min.js-319,200,OK,Contanct Information 5-7,text,true,,9326,433,7,22,https://www.demoblaze.com/node_modules/tether/dist/js/tether.min.js,170,0,121
1649942004338,269,Step5/node_modules/jquery/dist/jquery.min.js-325,200,OK,Contanct Information 5-4,text,true,,35698,430,7,22,https://www.demoblaze.com/node_modules/jquery/dist/jquery.min.js,250,0,0
1649942004592,70,Step5/imgs/front.jpg-320,200,OK,Contanct Information 5-7,bin,true,,24949,427,7,21,https://www.demoblaze.com/imgs/front.jpg,48,0,0
1649942004414,267,Step5/node_modules/jquery/dist/jquery.min.js-325,200,OK,Contanct Information 5-5,text,true,,35844,430,8,22,https://www.demoblaze.com/node_modules/jquery/dist/jquery.min.js,247,0,0
1649942004415,272,Step5/node_modules/jquery/dist/jquery.min.js-325,200,OK,Contanct Information 5-2,text,true,,36065,430,8,22,https://www.demoblaze.com/node_modules/jquery/dist/jquery.min.js,254,0,0
1649942004445,263,Step5/index.html-321,200,OK,Contanct Information 5-6,text,true,,19902,536,8,23,https://www.demoblaze.com/index.html,250,0,0
1649942004662,64,Step5/index.html-321,200,OK,Contanct Information 5-7,text,true,,19902,536,8,23,https://www.demoblaze.com/index.html,50,0,0
1649942004709,34,Step5/canonical.html-324,200,OK,Contanct Information 5-6,text,true,,302,301,8,23,http://detectportal.firefox.com/canonical.html,34,0,15
1649942004727,56,Step5/canonical.html-324,200,OK,Contanct Information 5-7,text,true,,302,301,8,22,http://detectportal.firefox.com/canonical.html,56,0,16
1649942004743,71,Step5/node_modules/bootstrap/dist/css/bootstrap.min.css-322,200,OK,Contanct Information 5-6,text,true,,28295,455,8,22,https://www.demoblaze.com/node_modules/bootstrap/dist/css/bootstrap.min.css,51,0,0
1649942004509,322,Step5/node_modules/video.js/dist/video.min.js-326,200,OK,Contanct Information 5-1,text,true,,160563,431,8,22,https://www.demoblaze.com/node_modules/video.js/dist/video.min.js,256,0,0
1649942004814,17,Step5/success.txt-329,200,OK,Contanct Information 5-6,text,true,,220,303,8,22,http://detectportal.firefox.com/success.txt?ipv4,17,0,0
1649942004831,15,Step5/success.txt-330,200,OK,Contanct Information 5-6,text,true,,220,303,8,22,http://detectportal.firefox.com/success.txt?ipv6,15,0,0
1649942004665,189,Step5/node_modules/tether/dist/js/tether.min.js-319,200,OK,Contanct Information 5-8,text,true,,9253,433,8,22,https://www.demoblaze.com/node_modules/tether/dist/js/tether.min.js,181,0,129
1649942004846,91,Step5/node_modules/jquery/dist/jquery.min.js-325,200,OK,Contanct Information 5-6,text,true,,35822,430,9,23,https://www.demoblaze.com/node_modules/jquery/dist/jquery.min.js,54,0,0
1649942004854,94,Step5/imgs/front.jpg-320,200,OK,Contanct Information 5-8,bin,true,,24949,427,9,23,https://www.demoblaze.com/imgs/front.jpg,55,0,0
1649942004583,427,Step5/node_modules/video.js/dist/video.min.js-326,200,OK,Contanct Information 5-3,text,true,,481570,431,9,23,https://www.demoblaze.com/node_modules/video.js/dist/video.min.js,246,0,0
1649942004948,108,Step5/index.html-321,200,OK,Contanct Information 5-8,text,true,,19902,536,9,23,https://www.demoblaze.com/index.html,92,0,0
1649942004681,395,Step5/node_modules/video.js/dist/video.min.js-326,200,OK,Contanct Information 5-5,text,true,,160555,431,9,23,https://www.demoblaze.com/node_modules/video.js/dist/video.min.js,270,0,0
1649942004687,390,Step5/node_modules/video.js/dist/video.min.js-326,200,OK,Contanct Information 5-2,text,true,,160620,431,9,23,https://www.demoblaze.com/node_modules/video.js/dist/video.min.js,280,0,0
1649942004784,305,Step5/node_modules/bootstrap/dist/css/bootstrap.min.css-322,200,OK,Contanct Information 5-7,text,true,,28580,455,9,23,https://www.demoblaze.com/node_modules/bootstrap/dist/css/bootstrap.min.css,295,0,0
1649942004607,495,Step5/node_modules/video.js/dist/video.min.js-326,200,OK,Contanct Information 5-4,text,true,,481570,431,9,23,https://www.demoblaze.com/node_modules/video.js/dist/video.min.js,247,0,0
1649942004831,279,Step5/node_modules/videojs-contrib-hls/dist/videojs-contrib-hls.min.js-323,200,OK,Contanct Information 5-1,text,true,,72705,456,9,24,https://www.demoblaze.com/node_modules/videojs-contrib-hls/dist/videojs-contrib-hls.min.js,269,0,0
1649942005089,26,Step5/success.txt-329,200,OK,Contanct Information 5-7,text,true,,220,303,9,24,http://detectportal.firefox.com/success.txt?ipv4,26,0,0
1649942004937,178,Step5/node_modules/video.js/dist/video.min.js-326,200,OK,Contanct Information 5-6,text,true,,160401,431,9,24,https://www.demoblaze.com/node_modules/video.js/dist/video.min.js,92,0,0
1649942005057,61,Step5/canonical.html-324,200,OK,Contanct Information 5-8,text,true,,302,301,9,24,http://detectportal.firefox.com/canonical.html,61,0,39
1649942005115,16,Step5/success.txt-330,200,OK,Contanct Information 5-7,text,true,,220,303,9,24,http://detectportal.firefox.com/success.txt?ipv6,16,0,0
1649942005076,66,Step5/node_modules/videojs-contrib-hls/dist/videojs-contrib-hls.min.js-323,200,OK,Contanct Information 5-5,text,true,,72909,456,9,24,https://www.demoblaze.com/node_modules/videojs-contrib-hls/dist/videojs-contrib-hls.min.js,51,0,0
1649942005102,64,Step5/node_modules/videojs-contrib-hls/dist/videojs-contrib-hls.min.js-323,200,OK,Contanct Information 5-4,text,true,,73054,456,10,25,https://www.demoblaze.com/node_modules/videojs-contrib-hls/dist/videojs-contrib-hls.min.js,52,0,0
1649942004915,264,Step5/node_modules/tether/dist/js/tether.min.js-319,200,OK,Contanct Information 5-9,text,true,,9070,433,10,25,https://www.demoblaze.com/node_modules/tether/dist/js/tether.min.js,253,0,201
1649942005118,73,Step5/node_modules/bootstrap/dist/css/bootstrap.min.css-322,200,OK,Contanct Information 5-8,text,true,,28303,455,10,25,https://www.demoblaze.com/node_modules/bootstrap/dist/css/bootstrap.min.css,53,0,0
1649942005191,32,Step5/success.txt-329,200,OK,Contanct Information 5-8,text,true,,220,303,10,25,http://detectportal.firefox.com/success.txt?ipv4,32,0,0
1649942005223,15,Step5/success.txt-330,200,OK,Contanct Information 5-8,text,true,,220,303,10,25,http://detectportal.firefox.com/success.txt?ipv6,15,0,0
1649942005179,76,Step5/imgs/front.jpg-320,200,OK,Contanct Information 5-9,bin,true,,24949,427,10,25,https://www.demoblaze.com/imgs/front.jpg,50,0,0
1649942005011,264,Step5/node_modules/videojs-contrib-hls/dist/videojs-contrib-hls.min.js-323,200,OK,Contanct Information 5-3,text,true,,73440,456,10,25,https://www.demoblaze.com/node_modules/videojs-contrib-hls/dist/videojs-contrib-hls.min.js,249,0,0
1649942005238,70,Step5/node_modules/jquery/dist/jquery.min.js-325,200,OK,Contanct Information 5-8,text,true,,35794,430,10,26,https://www.demoblaze.com/node_modules/jquery/dist/jquery.min.js,49,0,0
1649942005255,63,Step5/index.html-321,200,OK,Contanct Information 5-9,text,true,,19902,536,10,26,https://www.demoblaze.com/index.html,51,0,0
1649942005077,262,Step5/node_modules/videojs-contrib-hls/dist/videojs-contrib-hls.min.js-323,200,OK,Contanct Information 5-2,text,true,,73064,456,10,26,https://www.demoblaze.com/node_modules/videojs-contrib-hls/dist/videojs-contrib-hls.min.js,247,0,0
1649942005319,37,Step5/canonical.html-324,200,OK,Contanct Information 5-9,text,true,,302,301,10,26,http://detectportal.firefox.com/canonical.html,37,0,15
1649942005110,252,Step5/js/index.js-327,200,OK,Contanct Information 5-1,text,true,,2979,403,10,26,https://www.demoblaze.com/js/index.js,252,0,0
1649942005163,209,Step5/node_modules/tether/dist/js/tether.min.js-319,200,OK,Contanct Information 5-10,text,true,,9359,433,10,26,https://www.demoblaze.com/node_modules/tether/dist/js/tether.min.js,201,0,148
1649942005115,282,Step5/node_modules/videojs-contrib-hls/dist/videojs-contrib-hls.min.js-323,200,OK,Contanct Information 5-6,text,true,,72980,456,10,26,https://www.demoblaze.com/node_modules/videojs-contrib-hls/dist/videojs-contrib-hls.min.js,256,0,0
1649942005131,270,Step5/node_modules/jquery/dist/jquery.min.js-325,200,OK,Contanct Information 5-7,text,true,,36500,430,10,26,https://www.demoblaze.com/node_modules/jquery/dist/jquery.min.js,252,0,0
1649942005142,259,Step5/js/index.js-327,200,OK,Contanct Information 5-5,text,true,,2830,403,10,26,https://www.demoblaze.com/js/index.js,259,0,0
1649942005166,249,Step5/js/index.js-327,200,OK,Contanct Information 5-4,text,true,,2891,403,11,28,https://www.demoblaze.com/js/index.js,249,0,0
1649942005356,69,Step5/node_modules/bootstrap/dist/css/bootstrap.min.css-322,200,OK,Contanct Information 5-9,text,true,,28241,455,11,28,https://www.demoblaze.com/node_modules/bootstrap/dist/css/bootstrap.min.css,53,0,0
1649942005308,125,Step5/node_modules/video.js/dist/video.min.js-326,200,OK,Contanct Information 5-8,text,true,,160461,431,11,28,https://www.demoblaze.com/node_modules/video.js/dist/video.min.js,54,0,0
1649942005425,13,Step5/success.txt-329,200,OK,Contanct Information 5-9,text,true,,220,303,11,28,http://detectportal.firefox.com/success.txt?ipv4,13,0,0
1649942005438,13,Step5/success.txt-330,200,OK,Contanct Information 5-9,text,true,,220,303,11,28,http://detectportal.firefox.com/success.txt?ipv6,13,0,0
1649942005434,63,Step5/node_modules/videojs-contrib-hls/dist/videojs-contrib-hls.min.js-323,200,OK,Contanct Information 5-8,text,true,,72464,456,11,28,https://www.demoblaze.com/node_modules/videojs-contrib-hls/dist/videojs-contrib-hls.min.js,52,0,0
1649942005451,72,Step5/node_modules/jquery/dist/jquery.min.js-325,200,OK,Contanct Information 5-9,text,true,,36087,430,11,28,https://www.demoblaze.com/node_modules/jquery/dist/jquery.min.js,51,0,0
1649942005497,49,Step5/js/index.js-327,200,OK,Contanct Information 5-8,text,true,,3012,403,11,28,https://www.demoblaze.com/js/index.js,49,0,0
1649942005275,274,Step5/js/index.js-327,200,OK,Contanct Information 5-3,text,true,,2890,403,11,28,https://www.demoblaze.com/js/index.js,272,0,0
1649942005412,177,Step5/node_modules/tether/dist/js/tether.min.js-319,200,OK,Contanct Information 5-11,text,true,,9412,433,11,29,https://www.demoblaze.com/node_modules/tether/dist/js/tether.min.js,171,0,118
1649942005339,250,Step5/js/index.js-327,200,OK,Contanct Information 5-2,text,true,,2902,403,11,29,https://www.demoblaze.com/js/index.js,250,0,0
1649942005362,251,Step5/node_modules/video.js/dist/video-js.min.css-328,200,OK,Contanct Information 5-1,text,true,,12426,449,11,29,https://www.demoblaze.com/node_modules/video.js/dist/video-js.min.css,248,0,0
1649942005589,53,Step5/node_modules/video.js/dist/video-js.min.css-328,200,OK,Contanct Information 5-2,text,true,,12618,449,11,29,https://www.demoblaze.com/node_modules/video.js/dist/video-js.min.css,50,0,0
1649942005372,274,Step5/imgs/front.jpg-320,200,OK,Contanct Information 5-10,bin,true,,24949,427,11,29,https://www.demoblaze.com/imgs/front.jpg,252,0,0
1649942005398,251,Step5/js/index.js-327,200,OK,Contanct Information 5-6,text,true,,2925,403,11,29,https://www.demoblaze.com/js/index.js,251,0,0
1649942005402,250,Step5/node_modules/video.js/dist/video-js.min.css-328,200,OK,Contanct Information 5-5,text,true,,12446,449,11,29,https://www.demoblaze.com/node_modules/video.js/dist/video-js.min.css,248,0,0
1649942005415,243,Step5/node_modules/video.js/dist/video-js.min.css-328,200,OK,Contanct Information 5-4,text,true,,12301,449,11,29,https://www.demoblaze.com/node_modules/video.js/dist/video-js.min.css,241,0,0
1649942005589,73,Step5/imgs/front.jpg-320,200,OK,Contanct Information 5-11,bin,true,,24949,427,11,29,https://www.demoblaze.com/imgs/front.jpg,48,0,0
1649942005649,53,Step5/node_modules/video.js/dist/video-js.min.css-328,200,OK,Contanct Information 5-6,text,true,,12453,449,12,30,https://www.demoblaze.com/node_modules/video.js/dist/video-js.min.css,51,0,0
1649942005401,322,Step5/node_modules/video.js/dist/video.min.js-326,200,OK,Contanct Information 5-7,text,true,,160071,431,12,31,https://www.demoblaze.com/node_modules/video.js/dist/video.min.js,252,0,0
1649942005724,70,Step5/node_modules/videojs-contrib-hls/dist/videojs-contrib-hls.min.js-323,200,OK,Contanct Information 5-7,text,true,,73103,456,12,31,https://www.demoblaze.com/node_modules/videojs-contrib-hls/dist/videojs-contrib-hls.min.js,48,0,0
1649942005549,250,Step5/node_modules/video.js/dist/video-js.min.css-328,200,OK,Contanct Information 5-3,text,true,,12565,449,12,31,https://www.demoblaze.com/node_modules/video.js/dist/video-js.min.css,248,0,0
1649942005547,254,Step5/node_modules/video.js/dist/video-js.min.css-328,200,OK,Contanct Information 5-8,text,true,,12354,449,12,31,https://www.demoblaze.com/node_modules/video.js/dist/video-js.min.css,253,0,0
1649942005794,55,Step5/js/index.js-327,200,OK,Contanct Information 5-7,text,true,,2836,403,12,31,https://www.demoblaze.com/js/index.js,55,0,0
1649942005664,193,Step5/node_modules/tether/dist/js/tether.min.js-319,200,OK,Contanct Information 5-12,text,true,,9439,433,12,31,https://www.demoblaze.com/node_modules/tether/dist/js/tether.min.js,184,0,130
1649942005613,258,Step5/css/latofonts.css-331,200,OK,Contanct Information 5-1,text,true,,1365,423,12,31,https://www.demoblaze.com/css/latofonts.css,258,0,0
1649942005642,253,Step5/css/latofonts.css-331,200,OK,Contanct Information 5-2,text,true,,1366,423,12,32,https://www.demoblaze.com/css/latofonts.css,253,0,0
1649942005652,252,Step5/css/latofonts.css-331,200,OK,Contanct Information 5-5,text,true,,1294,423,12,32,https://www.demoblaze.com/css/latofonts.css,252,0,0
1649942005523,381,Step5/node_modules/video.js/dist/video.min.js-326,200,OK,Contanct Information 5-9,text,true,,481570,431,12,32,https://www.demoblaze.com/node_modules/video.js/dist/video.min.js,255,0,0
1649942005849,58,Step5/node_modules/video.js/dist/video-js.min.css-328,200,OK,Contanct Information 5-7,text,true,,12524,449,12,33,https://www.demoblaze.com/node_modules/video.js/dist/video-js.min.css,56,0,0
1649942005646,261,Step5/index.html-321,200,OK,Contanct Information 5-10,text,true,,5059,536,12,33,https://www.demoblaze.com/index.html,258,0,0
1649942005662,247,Step5/index.html-321,200,OK,Contanct Information 5-11,text,true,,5102,536,12,33,https://www.demoblaze.com/index.html,244,0,0
1649942005658,252,Step5/css/latofonts.css-331,200,OK,Contanct Information 5-4,text,true,,1425,423,12,33,https://www.demoblaze.com/css/latofonts.css,252,0,0
1649942005857,74,Step5/imgs/front.jpg-320,200,OK,Contanct Information 5-12,bin,true,,24949,427,13,34,https://www.demoblaze.com/imgs/front.jpg,52,0,0
1649942005910,40,Step5/canonical.html-324,200,OK,Contanct Information 5-11,text,true,,302,301,13,34,http://detectportal.firefox.com/canonical.html,40,0,13
1649942005702,249,Step5/css/latofonts.css-331,200,OK,Contanct Information 5-6,text,true,,1318,423,13,34,https://www.demoblaze.com/css/latofonts.css,249,0,0
1649942005908,44,Step5/canonical.html-324,200,OK,Contanct Information 5-10,text,true,,302,301,13,34,http://detectportal.firefox.com/canonical.html,44,0,13
1649942005907,52,Step5/css/latofonts.css-331,200,OK,Contanct Information 5-7,text,true,,1281,423,13,34,https://www.demoblaze.com/css/latofonts.css,51,0,0
1649942005904,65,Step5/node_modules/videojs-contrib-hls/dist/videojs-contrib-hls.min.js-323,200,OK,Contanct Information 5-9,text,true,,73270,456,13,34,https://www.demoblaze.com/node_modules/videojs-contrib-hls/dist/videojs-contrib-hls.min.js,52,0,0
1649942005931,64,Step5/index.html-321,200,OK,Contanct Information 5-12,text,true,,19902,536,13,33,https://www.demoblaze.com/index.html,50,0,0
1649942005950,69,Step5/node_modules/bootstrap/dist/css/bootstrap.min.css-322,200,OK,Contanct Information 5-11,text,true,,28316,455,13,33,https://www.demoblaze.com/node_modules/bootstrap/dist/css/bootstrap.min.css,49,0,0
1649942005970,52,Step5/js/index.js-327,200,OK,Contanct Information 5-9,text,true,,2911,403,13,33,https://www.demoblaze.com/js/index.js,52,0,0
1649942005952,71,Step5/node_modules/bootstrap/dist/css/bootstrap.min.css-322,200,OK,Contanct Information 5-10,text,true,,28414,455,13,33,https://www.demoblaze.com/node_modules/bootstrap/dist/css/bootstrap.min.css,51,0,0
1649942005801,244,Step5/css/latofonts.css-331,200,OK,Contanct Information 5-8,text,true,,1291,423,13,33,https://www.demoblaze.com/css/latofonts.css,244,0,0
1649942005799,251,Step5/css/latofonts.css-331,200,OK,Contanct Information 5-3,text,true,,1308,423,13,33,https://www.demoblaze.com/css/latofonts.css,250,0,0
1649942006019,31,Step5/success.txt-329,200,OK,Contanct Information 5-11,text,true,,220,303,13,33,http://detectportal.firefox.com/success.txt?ipv4,31,0,0
1649942006023,28,Step5/success.txt-329,200,OK,Contanct Information 5-10,text,true,,220,303,13,33,http://detectportal.firefox.com/success.txt?ipv4,28,0,0
1649942006050,14,Step5/success.txt-330,200,OK,Contanct Information 5-11,text,true,,220,303,13,33,http://detectportal.firefox.com/success.txt?ipv6,14,0,0
1649942006051,15,Step5/success.txt-330,200,OK,Contanct Information 5-10,text,true,,220,303,13,33,http://detectportal.firefox.com/success.txt?ipv6,15,0,0
1649942005995,77,Step5/canonical.html-324,200,OK,Contanct Information 5-12,text,true,,302,301,13,33,http://detectportal.firefox.com/canonical.html,77,0,56
1649942006022,67,Step5/node_modules/video.js/dist/video-js.min.css-328,200,OK,Contanct Information 5-9,text,true,,12479,449,13,33,https://www.demoblaze.com/node_modules/video.js/dist/video-js.min.css,63,0,0
1649942005872,253,Step5/css/latostyle.css-332,200,OK,Contanct Information 5-1,text,true,,862,423,13,34,https://www.demoblaze.com/css/latostyle.css,253,0,0
1649942006089,50,Step5/css/latofonts.css-331,200,OK,Contanct Information 5-9,text,true,,1314,423,13,34,https://www.demoblaze.com/css/latofonts.css,50,0,0
1649942006072,68,Step5/node_modules/bootstrap/dist/css/bootstrap.min.css-322,200,OK,Contanct Information 5-12,text,true,,28474,455,13,34,https://www.demoblaze.com/node_modules/bootstrap/dist/css/bootstrap.min.css,53,0,0
1649942005896,249,Step5/css/latostyle.css-332,200,OK,Contanct Information 5-2,text,true,,905,423,13,34,https://www.demoblaze.com/css/latostyle.css,249,0,0
1649942005904,252,Step5/css/latostyle.css-332,200,OK,Contanct Information 5-5,text,true,,1098,423,13,34,https://www.demoblaze.com/css/latostyle.css,252,0,0
1649942006140,17,Step5/success.txt-329,200,OK,Contanct Information 5-12,text,true,,220,303,13,34,http://detectportal.firefox.com/success.txt?ipv4,17,0,0
1649942005910,251,Step5/css/latostyle.css-332,200,OK,Contanct Information 5-4,text,true,,857,423,13,34,https://www.demoblaze.com/css/latostyle.css,251,0,0
1649942006157,14,Step5/success.txt-330,200,OK,Contanct Information 5-12,text,true,,220,303,14,35,http://detectportal.firefox.com/success.txt?ipv6,14,0,0
1649942006139,53,Step5/css/latostyle.css-332,200,OK,Contanct Information 5-9,text,true,,1096,423,14,35,https://www.demoblaze.com/css/latostyle.css,53,0,0
1649942005951,246,Step5/css/latostyle.css-332,200,OK,Contanct Information 5-6,text,true,,884,423,14,35,https://www.demoblaze.com/css/latostyle.css,246,0,0
1649942005959,250,Step5/css/latostyle.css-332,200,OK,Contanct Information 5-7,text,true,,960,423,14,35,https://www.demoblaze.com/css/latostyle.css,250,0,0
1649942006171,72,Step5/node_modules/jquery/dist/jquery.min.js-325,200,OK,Contanct Information 5-12,text,true,,35815,430,14,36,https://www.demoblaze.com/node_modules/jquery/dist/jquery.min.js,53,0,0
1649942006045,249,Step5/css/latostyle.css-332,200,OK,Contanct Information 5-8,text,true,,994,423,14,35,https://www.demoblaze.com/css/latostyle.css,249,0,0
1649942005913,382,Step5/node_modules/tether/dist/js/tether.min.js-319,200,OK,Contanct Information 5-13,text,true,,9417,433,14,35,https://www.demoblaze.com/node_modules/tether/dist/js/tether.min.js,376,0,125
1649942006050,249,Step5/css/latostyle.css-332,200,OK,Contanct Information 5-3,text,true,,1102,423,14,35,https://www.demoblaze.com/css/latostyle.css,248,0,0
1649942006065,271,Step5/node_modules/jquery/dist/jquery.min.js-325,200,OK,Contanct Information 5-11,text,true,,35929,430,14,36,https://www.demoblaze.com/node_modules/jquery/dist/jquery.min.js,245,0,0
1649942006066,271,Step5/node_modules/jquery/dist/jquery.min.js-325,200,OK,Contanct Information 5-10,text,true,,36102,430,14,36,https://www.demoblaze.com/node_modules/jquery/dist/jquery.min.js,252,0,0
1649942006164,177,Step5/node_modules/tether/dist/js/tether.min.js-319,200,OK,Contanct Information 5-14,text,true,,9258,433,14,36,https://www.demoblaze.com/node_modules/tether/dist/js/tether.min.js,170,0,119
1649942006243,121,Step5/node_modules/video.js/dist/video.min.js-326,200,OK,Contanct Information 5-12,text,true,,159982,431,14,36,https://www.demoblaze.com/node_modules/video.js/dist/video.min.js,50,0,0
1649942006295,76,Step5/imgs/front.jpg-320,200,OK,Contanct Information 5-13,bin,true,,24949,427,14,36,https://www.demoblaze.com/imgs/front.jpg,56,0,0
1649942006125,258,Step5/node_modules/bootstrap/dist/js/bootstrap.min.js-333,200,OK,Contanct Information 5-1,text,true,,15463,439,14,36,https://www.demoblaze.com/node_modules/bootstrap/dist/js/bootstrap.min.js,255,0,0
1649942006145,246,Step5/node_modules/bootstrap/dist/js/bootstrap.min.js-333,200,OK,Contanct Information 5-2,text,true,,15734,439,14,36,https://www.demoblaze.com/node_modules/bootstrap/dist/js/bootstrap.min.js,243,0,0
1649942006156,252,Step5/node_modules/bootstrap/dist/js/bootstrap.min.js-333,200,OK,Contanct Information 5-5,text,true,,15391,439,14,36,https://www.demoblaze.com/node_modules/bootstrap/dist/js/bootstrap.min.js,251,0,0
1649942006161,253,Step5/node_modules/bootstrap/dist/js/bootstrap.min.js-333,200,OK,Contanct Information 5-4,text,true,,15725,439,15,37,https://www.demoblaze.com/node_modules/bootstrap/dist/js/bootstrap.min.js,250,0,0
1649942006341,75,Step5/imgs/front.jpg-320,200,OK,Contanct Information 5-14,bin,true,,24949,427,15,37,https://www.demoblaze.com/imgs/front.jpg,51,0,0
1649942006371,56,Step5/index.html-321,200,OK,Contanct Information 5-13,text,true,,5014,536,15,37,https://www.demoblaze.com/index.html,56,0,0
1649942006364,70,Step5/node_modules/videojs-contrib-hls/dist/videojs-contrib-hls.min.js-323,200,OK,Contanct Information 5-12,text,true,,72522,456,15,37,https://www.demoblaze.com/node_modules/videojs-contrib-hls/dist/videojs-contrib-hls.min.js,55,0,0
1649942006192,256,Step5/node_modules/bootstrap/dist/js/bootstrap.min.js-333,200,OK,Contanct Information 5-9,text,true,,15724,439,15,37,https://www.demoblaze.com/node_modules/bootstrap/dist/js/bootstrap.min.js,253,0,0
1649942006391,59,Step5/node_modules/tether/dist/js/tether.min.js-334,200,OK,Contanct Information 5-2,text,true,,9304,433,15,37,https://www.demoblaze.com/node_modules/tether/dist/js/tether.min.js,53,0,0
1649942006197,256,Step5/node_modules/bootstrap/dist/js/bootstrap.min.js-333,200,OK,Contanct Information 5-6,text,true,,15540,439,15,37,https://www.demoblaze.com/node_modules/bootstrap/dist/js/bootstrap.min.js,253,0,0
1649942006338,126,Step5/node_modules/video.js/dist/video.min.js-326,200,OK,Contanct Information 5-10,text,true,,160791,431,15,37,https://www.demoblaze.com/node_modules/video.js/dist/video.min.js,56,0,0
1649942006209,262,Step5/node_modules/bootstrap/dist/js/bootstrap.min.js-333,200,OK,Contanct Information 5-7,text,true,,15656,439,15,37,https://www.demoblaze.com/node_modules/bootstrap/dist/js/bootstrap.min.js,258,0,0
1649942006408,63,Step5/node_modules/tether/dist/js/tether.min.js-334,200,OK,Contanct Information 5-5,text,true,,9288,433,15,37,https://www.demoblaze.com/node_modules/tether/dist/js/tether.min.js,59,0,0
1649942006427,46,Step5/canonical.html-324,200,OK,Contanct Information 5-13,text,true,,302,301,15,37,http://detectportal.firefox.com/canonical.html,46,0,15
1649942006415,59,Step5/node_modules/tether/dist/js/tether.min.js-334,200,OK,Contanct Information 5-4,text,true,,9401,433,15,37,https://www.demoblaze.com/node_modules/tether/dist/js/tether.min.js,57,0,0
1649942006416,58,Step5/index.html-321,200,OK,Contanct Information 5-14,text,true,,5095,536,15,37,https://www.demoblaze.com/index.html,53,0,0
1649942006434,52,Step5/js/index.js-327,200,OK,Contanct Information 5-12,text,true,,3013,403,15,37,https://www.demoblaze.com/js/index.js,51,0,0
1649942006448,54,Step5/node_modules/tether/dist/js/tether.min.js-334,200,OK,Contanct Information 5-9,text,true,,9448,433,15,37,https://www.demoblaze.com/node_modules/tether/dist/js/tether.min.js,54,0,0
1649942006474,40,Step5/canonical.html-324,200,OK,Contanct Information 5-14,text,true,,302,301,15,37,http://detectportal.firefox.com/canonical.html,40,0,17
1649942006471,51,Step5/node_modules/tether/dist/js/tether.min.js-334,200,OK,Contanct Information 5-7,text,true,,9427,433,15,37,https://www.demoblaze.com/node_modules/tether/dist/js/tether.min.js,50,0,0
1649942006464,72,Step5/node_modules/videojs-contrib-hls/dist/videojs-contrib-hls.min.js-323,200,OK,Contanct Information 5-10,text,true,,72685,456,15,37,https://www.demoblaze.com/node_modules/videojs-contrib-hls/dist/videojs-contrib-hls.min.js,58,0,0
1649942006486,53,Step5/node_modules/video.js/dist/video-js.min.css-328,200,OK,Contanct Information 5-12,text,true,,12277,449,15,37,https://www.demoblaze.com/node_modules/video.js/dist/video-js.min.css,51,0,0
1649942006473,70,Step5/node_modules/bootstrap/dist/css/bootstrap.min.css-322,200,OK,Contanct Information 5-13,text,true,,28328,455,15,37,https://www.demoblaze.com/node_modules/bootstrap/dist/css/bootstrap.min.css,52,0,0
1649942006299,248,Step5/node_modules/bootstrap/dist/js/bootstrap.min.js-333,200,OK,Contanct Information 5-3,text,true,,15515,439,15,37,https://www.demoblaze.com/node_modules/bootstrap/dist/js/bootstrap.min.js,246,0,0
1649942006294,261,Step5/node_modules/bootstrap/dist/js/bootstrap.min.js-333,200,OK,Contanct Information 5-8,text,true,,15361,439,15,38,https://www.demoblaze.com/node_modules/bootstrap/dist/js/bootstrap.min.js,260,0,0
1649942006543,16,Step5/success.txt-329,200,OK,Contanct Information 5-13,text,true,,220,303,15,38,http://detectportal.firefox.com/success.txt?ipv4,16,0,0
1649942006559,14,Step5/success.txt-330,200,OK,Contanct Information 5-13,text,true,,220,303,15,38,http://detectportal.firefox.com/success.txt?ipv6,14,0,0
1649942006514,69,Step5/node_modules/bootstrap/dist/css/bootstrap.min.css-322,200,OK,Contanct Information 5-14,text,true,,28333,455,15,38,https://www.demoblaze.com/node_modules/bootstrap/dist/css/bootstrap.min.css,49,0,0
1649942006537,56,Step5/js/index.js-327,200,OK,Contanct Information 5-10,text,true,,2830,403,15,38,https://www.demoblaze.com/js/index.js,55,0,0
1649942006540,56,Step5/css/latofonts.css-331,200,OK,Contanct Information 5-12,text,true,,1272,423,15,38,https://www.demoblaze.com/css/latofonts.css,55,0,0
1649942006547,50,Step5/node_modules/tether/dist/js/tether.min.js-334,200,OK,Contanct Information 5-3,text,true,,9382,433,15,38,https://www.demoblaze.com/node_modules/tether/dist/js/tether.min.js,49,0,0
1649942006584,14,Step5/success.txt-329,200,OK,Contanct Information 5-14,text,true,,220,303,15,38,http://detectportal.firefox.com/success.txt?ipv4,14,0,0
1649942006556,51,Step5/node_modules/tether/dist/js/tether.min.js-334,200,OK,Contanct Information 5-8,text,true,,9034,433,15,38,https://www.demoblaze.com/node_modules/tether/dist/js/tether.min.js,49,0,0
1649942006413,195,Step5/node_modules/tether/dist/js/tether.min.js-319,200,OK,Contanct Information 5-15,text,true,,9068,433,15,38,https://www.demoblaze.com/node_modules/tether/dist/js/tether.min.js,189,0,138
1649942006598,21,Step5/success.txt-330,200,OK,Contanct Information 5-14,text,true,,220,303,15,38,http://detectportal.firefox.com/success.txt?ipv6,21,0,0
1649942006574,73,Step5/node_modules/jquery/dist/jquery.min.js-325,200,OK,Contanct Information 5-13,text,true,,35957,430,15,38,https://www.demoblaze.com/node_modules/jquery/dist/jquery.min.js,51,0,0
1649942006596,57,Step5/css/latostyle.css-332,200,OK,Contanct Information 5-12,text,true,,878,423,15,38,https://www.demoblaze.com/css/latostyle.css,57,0,0
1649942006593,63,Step5/node_modules/video.js/dist/video-js.min.css-328,200,OK,Contanct Information 5-10,text,true,,12453,449,15,38,https://www.demoblaze.com/node_modules/video.js/dist/video-js.min.css,60,0,0
1649942006383,284,Step5/node_modules/tether/dist/js/tether.min.js-334,200,OK,Contanct Information 5-1,text,true,,25287,433,16,39,https://www.demoblaze.com/node_modules/tether/dist/js/tether.min.js,275,0,0
1649942006608,88,Step5/imgs/front.jpg-320,200,OK,Contanct Information 5-15,bin,true,,24949,427,16,39,https://www.demoblaze.com/imgs/front.jpg,60,0,0
1649942006620,82,Step5/node_modules/jquery/dist/jquery.min.js-325,200,OK,Contanct Information 5-14,text,true,,36058,430,16,39,https://www.demoblaze.com/node_modules/jquery/dist/jquery.min.js,56,0,0
1649942006450,260,Step5/bm.png-336,200,OK,Contanct Information 5-2,bin,true,,4263,419,16,40,https://www.demoblaze.com/bm.png,260,0,0
1649942006453,261,Step5/node_modules/tether/dist/js/tether.min.js-334,200,OK,Contanct Information 5-6,text,true,,9465,433,16,40,https://www.demoblaze.com/node_modules/tether/dist/js/tether.min.js,258,0,0
1649942006653,63,Step5/node_modules/bootstrap/dist/js/bootstrap.min.js-333,200,OK,Contanct Information 5-12,text,true,,15715,439,16,40,https://www.demoblaze.com/node_modules/bootstrap/dist/js/bootstrap.min.js,62,0,0
1649942006656,63,Step5/css/latofonts.css-331,200,OK,Contanct Information 5-10,text,true,,1382,423,16,40,https://www.demoblaze.com/css/latofonts.css,61,0,0
1649942006337,388,Step5/node_modules/video.js/dist/video.min.js-326,200,OK,Contanct Information 5-11,text,true,,481570,431,16,40,https://www.demoblaze.com/node_modules/video.js/dist/video.min.js,248,0,0
1649942006472,253,Step5/bm.png-336,200,OK,Contanct Information 5-5,bin,true,,4263,419,16,40,https://www.demoblaze.com/bm.png,253,0,0
1649942006474,252,Step5/bm.png-336,200,OK,Contanct Information 5-4,bin,true,,4263,419,16,40,https://www.demoblaze.com/bm.png,251,0,0
1649942006502,254,Step5/bm.png-336,200,OK,Contanct Information 5-9,bin,true,,4263,419,16,39,https://www.demoblaze.com/bm.png,254,0,0
1649942006696,63,Step5/index.html-321,200,OK,Contanct Information 5-15,text,true,,19902,536,16,39,https://www.demoblaze.com/index.html,49,0,0
1649942006522,246,Step5/bm.png-336,200,OK,Contanct Information 5-7,bin,true,,4263,419,16,39,https://www.demoblaze.com/bm.png,245,0,0
1649942006710,66,Step5/imgs/front.jpg-339,200,OK,Contanct Information 5-2,bin,true,,24949,427,16,39,https://www.demoblaze.com/imgs/front.jpg,60,0,0
1649942006716,60,Step5/node_modules/tether/dist/js/tether.min.js-334,200,OK,Contanct Information 5-12,text,true,,9512,433,16,39,https://www.demoblaze.com/node_modules/tether/dist/js/tether.min.js,57,0,0
1649942006719,60,Step5/css/latostyle.css-332,200,OK,Contanct Information 5-10,text,true,,1044,423,15,38,https://www.demoblaze.com/css/latostyle.css,60,0,0
1649942006714,67,Step5/bm.png-336,200,OK,Contanct Information 5-6,bin,true,,4263,419,15,38,https://www.demoblaze.com/bm.png,66,0,0
1649942006725,66,Step5/imgs/front.jpg-339,200,OK,Contanct Information 5-5,bin,true,,24949,427,15,38,https://www.demoblaze.com/imgs/front.jpg,59,0,0
1649942006726,67,Step5/imgs/front.jpg-339,200,OK,Contanct Information 5-4,bin,true,,24949,427,14,37,https://www.demoblaze.com/imgs/front.jpg,62,0,0
1649942006756,56,Step5/imgs/front.jpg-339,200,OK,Contanct Information 5-9,bin,true,,24949,427,13,36,https://www.demoblaze.com/imgs/front.jpg,54,0,0
1649942006760,53,Step5/canonical.html-324,200,OK,Contanct Information 5-15,text,true,,302,301,12,35,http://detectportal.firefox.com/canonical.html,53,0,19
1649942006768,54,Step5/imgs/front.jpg-339,200,OK,Contanct Information 5-7,bin,true,,24949,427,12,35,https://www.demoblaze.com/imgs/front.jpg,49,0,0
1649942006702,124,Step5/node_modules/video.js/dist/video.min.js-326,200,OK,Contanct Information 5-14,text,true,,160332,431,11,34,https://www.demoblaze.com/node_modules/video.js/dist/video.min.js,52,0,0
1649942006777,51,Step5/bm.png-336,200,OK,Contanct Information 5-12,bin,true,,4263,419,11,34,https://www.demoblaze.com/bm.png,51,0,0
1649942006779,53,Step5/node_modules/bootstrap/dist/js/bootstrap.min.js-333,200,OK,Contanct Information 5-10,text,true,,15697,439,11,34,https://www.demoblaze.com/node_modules/bootstrap/dist/js/bootstrap.min.js,50,0,0
1649942006781,55,Step5/imgs/front.jpg-339,200,OK,Contanct Information 5-6,bin,true,,24949,427,11,34,https://www.demoblaze.com/imgs/front.jpg,51,0,0
1649942006597,253,Step5/bm.png-336,200,OK,Contanct Information 5-3,bin,true,,4263,419,10,33,https://www.demoblaze.com/bm.png,252,0,0
1649942006663,193,Step5/node_modules/tether/dist/js/tether.min.js-319,200,OK,Contanct Information 5-16,text,true,,9238,433,10,33,https://www.demoblaze.com/node_modules/tether/dist/js/tether.min.js,186,0,136
1649942006607,256,Step5/bm.png-336,200,OK,Contanct Information 5-8,bin,true,,4263,419,10,33,https://www.demoblaze.com/bm.png,256,0,0
1649942006832,60,Step5/node_modules/tether/dist/js/tether.min.js-334,200,OK,Contanct Information 5-10,text,true,,9369,433,10,34,https://www.demoblaze.com/node_modules/tether/dist/js/tether.min.js,53,0,0
1649942006829,63,Step5/imgs/front.jpg-339,200,OK,Contanct Information 5-12,bin,true,,24949,427,10,34,https://www.demoblaze.com/imgs/front.jpg,53,0,0
1649942006813,85,Step5/node_modules/bootstrap/dist/css/bootstrap.min.css-322,200,OK,Contanct Information 5-15,text,true,,28337,455,9,33,https://www.demoblaze.com/node_modules/bootstrap/dist/css/bootstrap.min.css,66,0,0
1649942006850,55,Step5/imgs/front.jpg-339,200,OK,Contanct Information 5-3,bin,true,,24949,427,9,34,https://www.demoblaze.com/imgs/front.jpg,48,0,0
1649942006898,23,Step5/success.txt-329,200,OK,Contanct Information 5-15,text,true,,220,303,9,34,http://detectportal.firefox.com/success.txt?ipv4,23,0,0
1649942006863,58,Step5/imgs/front.jpg-339,200,OK,Contanct Information 5-8,bin,true,,24949,427,9,34,https://www.demoblaze.com/imgs/front.jpg,49,0,0
1649942006667,257,Step5/bm.png-336,200,OK,Contanct Information 5-1,bin,true,,4263,419,8,33,https://www.demoblaze.com/bm.png,255,0,0
1649942006856,71,Step5/imgs/front.jpg-320,200,OK,Contanct Information 5-16,bin,true,,24949,427,8,33,https://www.demoblaze.com/imgs/front.jpg,50,0,0
1649942006921,23,Step5/success.txt-330,200,OK,Contanct Information 5-15,text,true,,220,303,8,33,http://detectportal.firefox.com/success.txt?ipv6,23,0,0
1649942006647,321,Step5/node_modules/video.js/dist/video.min.js-326,200,OK,Contanct Information 5-13,text,true,,162069,431,8,33,https://www.demoblaze.com/node_modules/video.js/dist/video.min.js,250,0,0
1649942006924,71,Step5/imgs/front.jpg-339,200,OK,Contanct Information 5-1,bin,true,,24949,427,8,33,https://www.demoblaze.com/imgs/front.jpg,56,0,0
1649942006725,271,Step5/node_modules/videojs-contrib-hls/dist/videojs-contrib-hls.min.js-323,200,OK,Contanct Information 5-11,text,true,,73060,456,7,32,https://www.demoblaze.com/node_modules/videojs-contrib-hls/dist/videojs-contrib-hls.min.js,254,0,0
1649942006927,72,Step5/index.html-321,200,OK,Contanct Information 5-16,text,true,,19902,536,7,32,https://www.demoblaze.com/index.html,57,0,0
1649942006945,73,Step5/node_modules/jquery/dist/jquery.min.js-325,200,OK,Contanct Information 5-15,text,true,,36189,430,7,32,https://www.demoblaze.com/node_modules/jquery/dist/jquery.min.js,55,0,0
1649942006968,62,Step5/node_modules/videojs-contrib-hls/dist/videojs-contrib-hls.min.js-323,200,OK,Contanct Information 5-13,text,true,,73606,456,7,32,https://www.demoblaze.com/node_modules/videojs-contrib-hls/dist/videojs-contrib-hls.min.js,50,0,0
1649942007000,46,Step5/canonical.html-324,200,OK,Contanct Information 5-16,text,true,,302,301,7,32,http://detectportal.firefox.com/canonical.html,46,0,13
1649942006996,50,Step5/js/index.js-327,200,OK,Contanct Information 5-11,text,true,,2815,403,7,32,https://www.demoblaze.com/js/index.js,50,0,0
1649942007030,57,Step5/js/index.js-327,200,OK,Contanct Information 5-13,text,true,,3002,403,7,32,https://www.demoblaze.com/js/index.js,57,0,0
1649942006826,271,Step5/node_modules/videojs-contrib-hls/dist/videojs-contrib-hls.min.js-323,200,OK,Contanct Information 5-14,text,true,,72709,456,7,31,https://www.demoblaze.com/node_modules/videojs-contrib-hls/dist/videojs-contrib-hls.min.js,255,0,0
1649942007047,54,Step5/node_modules/video.js/dist/video-js.min.css-328,200,OK,Contanct Information 5-11,text,true,,12765,449,7,31,https://www.demoblaze.com/node_modules/video.js/dist/video-js.min.css,52,0,0
1649942007087,56,Step5/node_modules/video.js/dist/video-js.min.css-328,200,OK,Contanct Information 5-13,text,true,,12464,449,7,32,https://www.demoblaze.com/node_modules/video.js/dist/video-js.min.css,53,0,0
1649942006892,256,Step5/bm.png-336,200,OK,Contanct Information 5-10,bin,true,,4263,419,7,32,https://www.demoblaze.com/bm.png,256,0,0
1649942007097,54,Step5/js/index.js-327,200,OK,Contanct Information 5-14,text,true,,2918,403,7,32,https://www.demoblaze.com/js/index.js,53,0,0
1649942007018,134,Step5/node_modules/video.js/dist/video.min.js-326,200,OK,Contanct Information 5-15,text,true,,160310,431,7,32,https://www.demoblaze.com/node_modules/video.js/dist/video.min.js,63,0,0
1649942007143,50,Step5/css/latofonts.css-331,200,OK,Contanct Information 5-13,text,true,,1387,423,8,33,https://www.demoblaze.com/css/latofonts.css,50,0,0
1649942007151,55,Step5/node_modules/video.js/dist/video-js.min.css-328,200,OK,Contanct Information 5-14,text,true,,12491,449,8,33,https://www.demoblaze.com/node_modules/video.js/dist/video-js.min.css,51,0,0
1649942007149,62,Step5/imgs/front.jpg-339,200,OK,Contanct Information 5-10,bin,true,,24949,427,8,33,https://www.demoblaze.com/imgs/front.jpg,54,0,0
1649942006913,302,Step5/node_modules/tether/dist/js/tether.min.js-319,200,OK,Contanct Information 5-17,text,true,,9254,433,7,32,https://www.demoblaze.com/node_modules/tether/dist/js/tether.min.js,288,0,237
1649942007152,68,Step5/node_modules/videojs-contrib-hls/dist/videojs-contrib-hls.min.js-323,200,OK,Contanct Information 5-15,text,true,,72680,456,7,32,https://www.demoblaze.com/node_modules/videojs-contrib-hls/dist/videojs-contrib-hls.min.js,51,0,0
1649942007193,49,Step5/css/latostyle.css-332,200,OK,Contanct Information 5-13,text,true,,900,423,7,33,https://www.demoblaze.com/css/latostyle.css,49,0,0
1649942007206,57,Step5/css/latofonts.css-331,200,OK,Contanct Information 5-14,text,true,,1245,423,7,33,https://www.demoblaze.com/css/latofonts.css,57,0,0
1649942007220,51,Step5/js/index.js-327,200,OK,Contanct Information 5-15,text,true,,2844,403,7,33,https://www.demoblaze.com/js/index.js,51,0,0
1649942007242,52,Step5/node_modules/bootstrap/dist/js/bootstrap.min.js-333,200,OK,Contanct Information 5-13,text,true,,15609,439,7,33,https://www.demoblaze.com/node_modules/bootstrap/dist/js/bootstrap.min.js,49,0,0
1649942007215,80,Step5/imgs/front.jpg-320,200,OK,Contanct Information 5-17,bin,true,,24949,427,7,33,https://www.demoblaze.com/imgs/front.jpg,56,0,0
1649942007263,49,Step5/css/latostyle.css-332,200,OK,Contanct Information 5-14,text,true,,1087,423,7,34,https://www.demoblaze.com/css/latostyle.css,49,0,0
1649942007046,272,Step5/node_modules/bootstrap/dist/css/bootstrap.min.css-322,200,OK,Contanct Information 5-16,text,true,,28885,455,7,34,https://www.demoblaze.com/node_modules/bootstrap/dist/css/bootstrap.min.css,254,0,0
1649942007319,13,Step5/success.txt-329,200,OK,Contanct Information 5-16,text,true,,220,303,7,34,http://detectportal.firefox.com/success.txt?ipv4,13,0,0
1649942007332,14,Step5/success.txt-330,200,OK,Contanct Information 5-16,text,true,,220,303,7,34,http://detectportal.firefox.com/success.txt?ipv6,14,0,0
1649942007294,62,Step5/node_modules/tether/dist/js/tether.min.js-334,200,OK,Contanct Information 5-13,text,true,,9335,433,7,34,https://www.demoblaze.com/node_modules/tether/dist/js/tether.min.js,60,0,0
1649942007164,192,Step5/node_modules/tether/dist/js/tether.min.js-319,200,OK,Contanct Information 5-18,text,true,,9297,433,7,34,https://www.demoblaze.com/node_modules/tether/dist/js/tether.min.js,185,0,129
1649942007295,61,Step5/index.html-321,200,OK,Contanct Information 5-17,text,true,,5146,536,7,34,https://www.demoblaze.com/index.html,59,0,0
1649942007102,255,Step5/css/latofonts.css-331,200,OK,Contanct Information 5-11,text,true,,1195,423,7,34,https://www.demoblaze.com/css/latofonts.css,255,0,0
1649942007312,53,Step5/node_modules/bootstrap/dist/js/bootstrap.min.js-333,200,OK,Contanct Information 5-14,text,true,,15325,439,7,34,https://www.demoblaze.com/node_modules/bootstrap/dist/js/bootstrap.min.js,51,0,0
1649942007356,44,Step5/canonical.html-324,200,OK,Contanct Information 5-17,text,true,,302,301,7,34,http://detectportal.firefox.com/canonical.html,44,0,20
1649942007356,53,Step5/bm.png-336,200,OK,Contanct Information 5-13,bin,true,,4263,419,7,34,https://www.demoblaze.com/bm.png,52,0,0
1649942007357,53,Step5/css/latostyle.css-332,200,OK,Contanct Information 5-11,text,true,,923,423,7,34,https://www.demoblaze.com/css/latostyle.css,53,0,0
1649942007346,70,Step5/node_modules/jquery/dist/jquery.min.js-325,200,OK,Contanct Information 5-16,text,true,,36279,430,8,35,https://www.demoblaze.com/node_modules/jquery/dist/jquery.min.js,49,0,0
1649942007365,52,Step5/node_modules/tether/dist/js/tether.min.js-334,200,OK,Contanct Information 5-14,text,true,,9260,433,8,35,https://www.demoblaze.com/node_modules/tether/dist/js/tether.min.js,50,0,0
1649942007356,76,Step5/imgs/front.jpg-320,200,OK,Contanct Information 5-18,bin,true,,24949,427,8,35,https://www.demoblaze.com/imgs/front.jpg,55,0,0
1649942007410,53,Step5/node_modules/bootstrap/dist/js/bootstrap.min.js-333,200,OK,Contanct Information 5-11,text,true,,15718,439,8,35,https://www.demoblaze.com/node_modules/bootstrap/dist/js/bootstrap.min.js,49,0,0
1649942007409,56,Step5/imgs/front.jpg-339,200,OK,Contanct Information 5-13,bin,true,,24949,427,8,35,https://www.demoblaze.com/imgs/front.jpg,50,0,0
1649942007417,52,Step5/bm.png-336,200,OK,Contanct Information 5-14,bin,true,,4263,419,7,34,https://www.demoblaze.com/bm.png,51,0,0
1649942007400,73,Step5/node_modules/bootstrap/dist/css/bootstrap.min.css-322,200,OK,Contanct Information 5-17,text,true,,28590,455,7,34,https://www.demoblaze.com/node_modules/bootstrap/dist/css/bootstrap.min.css,57,0,0
1649942007473,16,Step5/success.txt-329,200,OK,Contanct Information 5-17,text,true,,220,303,7,33,http://detectportal.firefox.com/success.txt?ipv4,16,0,0
1649942007432,68,Step5/index.html-321,200,OK,Contanct Information 5-18,text,true,,19902,536,7,33,https://www.demoblaze.com/index.html,55,0,0
1649942007490,16,Step5/success.txt-330,200,OK,Contanct Information 5-17,text,true,,220,303,7,34,http://detectportal.firefox.com/success.txt?ipv6,16,0,0
1649942007463,50,Step5/node_modules/tether/dist/js/tether.min.js-334,200,OK,Contanct Information 5-11,text,true,,9252,433,7,34,https://www.demoblaze.com/node_modules/tether/dist/js/tether.min.js,49,0,0
1649942007469,56,Step5/imgs/front.jpg-339,200,OK,Contanct Information 5-14,bin,true,,24949,427,7,34,https://www.demoblaze.com/imgs/front.jpg,49,0,0
1649942007271,257,Step5/node_modules/video.js/dist/video-js.min.css-328,200,OK,Contanct Information 5-15,text,true,,12274,449,6,33,https://www.demoblaze.com/node_modules/video.js/dist/video-js.min.css,254,0,0
1649942007416,118,Step5/node_modules/video.js/dist/video.min.js-326,200,OK,Contanct Information 5-16,text,true,,160121,431,6,33,https://www.demoblaze.com/node_modules/video.js/dist/video.min.js,52,0,0
1649942007501,34,Step5/canonical.html-324,200,OK,Contanct Information 5-18,text,true,,302,301,6,33,http://detectportal.firefox.com/canonical.html,34,0,15
1649942007513,51,Step5/bm.png-336,200,OK,Contanct Information 5-11,bin,true,,4263,419,6,34,https://www.demoblaze.com/bm.png,51,0,0
1649942007506,73,Step5/node_modules/jquery/dist/jquery.min.js-325,200,OK,Contanct Information 5-17,text,true,,35972,430,6,34,https://www.demoblaze.com/node_modules/jquery/dist/jquery.min.js,53,0,0
1649942007528,56,Step5/css/latofonts.css-331,200,OK,Contanct Information 5-15,text,true,,1254,423,6,34,https://www.demoblaze.com/css/latofonts.css,56,0,0
1649942007534,68,Step5/node_modules/videojs-contrib-hls/dist/videojs-contrib-hls.min.js-323,200,OK,Contanct Information 5-16,text,true,,72648,456,6,34,https://www.demoblaze.com/node_modules/videojs-contrib-hls/dist/videojs-contrib-hls.min.js,53,0,0
1649942007535,73,Step5/node_modules/bootstrap/dist/css/bootstrap.min.css-322,200,OK,Contanct Information 5-18,text,true,,28510,455,6,34,https://www.demoblaze.com/node_modules/bootstrap/dist/css/bootstrap.min.css,56,0,0
1649942007564,53,Step5/imgs/front.jpg-339,200,OK,Contanct Information 5-11,bin,true,,24949,427,6,34,https://www.demoblaze.com/imgs/front.jpg,50,0,0
1649942007414,203,Step5/node_modules/tether/dist/js/tether.min.js-319,200,OK,Contanct Information 5-19,text,true,,9448,433,5,33,https://www.demoblaze.com/node_modules/tether/dist/js/tether.min.js,195,0,144
1649942007608,29,Step5/success.txt-329,200,OK,Contanct Information 5-18,text,true,,220,303,5,33,http://detectportal.firefox.com/success.txt?ipv4,29,0,0
1649942007638,16,Step5/success.txt-330,200,OK,Contanct Information 5-18,text,true,,220,303,5,33,http://detectportal.firefox.com/success.txt?ipv6,16,0,0
1649942007585,76,Step5/css/latostyle.css-332,200,OK,Contanct Information 5-15,text,true,,994,423,5,33,https://www.demoblaze.com/css/latostyle.css,76,0,0
1649942007602,64,Step5/js/index.js-327,200,OK,Contanct Information 5-16,text,true,,2766,403,6,34,https://www.demoblaze.com/js/index.js,63,0,0
1649942007617,75,Step5/imgs/front.jpg-320,200,OK,Contanct Information 5-19,bin,true,,24949,427,6,33,https://www.demoblaze.com/imgs/front.jpg,53,0,0
1649942007580,124,Step5/node_modules/video.js/dist/video.min.js-326,200,OK,Contanct Information 5-17,text,true,,161368,431,6,33,https://www.demoblaze.com/node_modules/video.js/dist/video.min.js,49,0,0
1649942007661,55,Step5/node_modules/bootstrap/dist/js/bootstrap.min.js-333,200,OK,Contanct Information 5-15,text,true,,15324,439,6,34,https://www.demoblaze.com/node_modules/bootstrap/dist/js/bootstrap.min.js,52,0,0
1649942007654,73,Step5/node_modules/jquery/dist/jquery.min.js-325,200,OK,Contanct Information 5-18,text,true,,36541,430,6,34,https://www.demoblaze.com/node_modules/jquery/dist/jquery.min.js,56,0,0
1649942007692,66,Step5/index.html-321,200,OK,Contanct Information 5-19,text,true,,19902,536,6,34,https://www.demoblaze.com/index.html,49,0,0
1649942007704,61,Step5/node_modules/videojs-contrib-hls/dist/videojs-contrib-hls.min.js-323,200,OK,Contanct Information 5-17,text,true,,72631,456,6,34,https://www.demoblaze.com/node_modules/videojs-contrib-hls/dist/videojs-contrib-hls.min.js,50,0,0
1649942007717,51,Step5/node_modules/tether/dist/js/tether.min.js-334,200,OK,Contanct Information 5-15,text,true,,9006,433,6,34,https://www.demoblaze.com/node_modules/tether/dist/js/tether.min.js,49,0,0
1649942007758,42,Step5/canonical.html-324,200,OK,Contanct Information 5-19,text,true,,302,301,6,34,http://detectportal.firefox.com/canonical.html,42,0,23
1649942007765,52,Step5/js/index.js-327,200,OK,Contanct Information 5-17,text,true,,2776,403,6,34,https://www.demoblaze.com/js/index.js,52,0,0
1649942007768,50,Step5/bm.png-336,200,OK,Contanct Information 5-15,bin,true,,4263,419,6,34,https://www.demoblaze.com/bm.png,49,0,0
1649942007663,183,Step5/node_modules/tether/dist/js/tether.min.js-319,200,OK,Contanct Information 5-20,text,true,,9283,433,6,34,https://www.demoblaze.com/node_modules/tether/dist/js/tether.min.js,175,0,124
1649942007817,52,Step5/node_modules/video.js/dist/video-js.min.css-328,200,OK,Contanct Information 5-17,text,true,,12698,449,6,34,https://www.demoblaze.com/node_modules/video.js/dist/video-js.min.css,49,0,0
1649942007800,71,Step5/node_modules/bootstrap/dist/css/bootstrap.min.css-322,200,OK,Contanct Information 5-19,text,true,,28379,455,6,34,https://www.demoblaze.com/node_modules/bootstrap/dist/css/bootstrap.min.css,51,0,0
1649942007818,55,Step5/imgs/front.jpg-339,200,OK,Contanct Information 5-15,bin,true,,24949,427,6,34,https://www.demoblaze.com/imgs/front.jpg,51,0,0
1649942007871,15,Step5/success.txt-329,200,OK,Contanct Information 5-19,text,true,,220,303,5,33,http://detectportal.firefox.com/success.txt?ipv4,15,0,0
1649942007886,17,Step5/success.txt-330,200,OK,Contanct Information 5-19,text,true,,220,303,5,33,http://detectportal.firefox.com/success.txt?ipv6,17,0,0
1649942007846,72,Step5/imgs/front.jpg-320,200,OK,Contanct Information 5-20,bin,true,,24949,427,5,33,https://www.demoblaze.com/imgs/front.jpg,50,0,0
1649942007869,50,Step5/css/latofonts.css-331,200,OK,Contanct Information 5-17,text,true,,1318,423,5,33,https://www.demoblaze.com/css/latofonts.css,50,0,0
1649942007666,253,Step5/node_modules/video.js/dist/video-js.min.css-328,200,OK,Contanct Information 5-16,text,true,,12286,449,5,33,https://www.demoblaze.com/node_modules/video.js/dist/video-js.min.css,251,0,0
1649942007919,49,Step5/css/latostyle.css-332,200,OK,Contanct Information 5-17,text,true,,1010,423,5,33,https://www.demoblaze.com/css/latostyle.css,49,0,0
1649942007919,51,Step5/css/latofonts.css-331,200,OK,Contanct Information 5-16,text,true,,1288,423,5,33,https://www.demoblaze.com/css/latofonts.css,51,0,0
1649942007904,76,Step5/node_modules/jquery/dist/jquery.min.js-325,200,OK,Contanct Information 5-19,text,true,,35759,430,5,33,https://www.demoblaze.com/node_modules/jquery/dist/jquery.min.js,56,0,0
1649942007918,64,Step5/index.html-321,200,OK,Contanct Information 5-20,text,true,,19902,536,5,33,https://www.demoblaze.com/index.html,51,0,0
1649942007982,34,Step5/canonical.html-324,200,OK,Contanct Information 5-20,text,true,,302,301,5,33,http://detectportal.firefox.com/canonical.html,34,0,14
1649942007970,51,Step5/css/latostyle.css-332,200,OK,Contanct Information 5-16,text,true,,973,423,5,33,https://www.demoblaze.com/css/latostyle.css,51,0,0
1649942007969,57,Step5/node_modules/bootstrap/dist/js/bootstrap.min.js-333,200,OK,Contanct Information 5-17,text,true,,15553,439,5,33,https://www.demoblaze.com/node_modules/bootstrap/dist/js/bootstrap.min.js,54,0,0
1649942008021,51,Step5/node_modules/bootstrap/dist/js/bootstrap.min.js-333,200,OK,Contanct Information 5-16,text,true,,15555,439,5,33,https://www.demoblaze.com/node_modules/bootstrap/dist/js/bootstrap.min.js,49,0,0
1649942008026,52,Step5/node_modules/tether/dist/js/tether.min.js-334,200,OK,Contanct Information 5-17,text,true,,9209,433,5,33,https://www.demoblaze.com/node_modules/tether/dist/js/tether.min.js,50,0,0
1649942008016,82,Step5/node_modules/bootstrap/dist/css/bootstrap.min.css-322,200,OK,Contanct Information 5-20,text,true,,28308,455,5,33,https://www.demoblaze.com/node_modules/bootstrap/dist/css/bootstrap.min.css,55,0,0
1649942007980,140,Step5/node_modules/video.js/dist/video.min.js-326,200,OK,Contanct Information 5-19,text,true,,160633,431,5,33,https://www.demoblaze.com/node_modules/video.js/dist/video.min.js,52,0,0
1649942008098,27,Step5/success.txt-329,200,OK,Contanct Information 5-20,text,true,,220,303,5,33,http://detectportal.firefox.com/success.txt?ipv4,27,0,0
1649942007727,405,Step5/node_modules/video.js/dist/video.min.js-326,200,OK,Contanct Information 5-18,text,true,,481570,431,5,33,https://www.demoblaze.com/node_modules/video.js/dist/video.min.js,251,0,0
1649942008073,60,Step5/node_modules/tether/dist/js/tether.min.js-334,200,OK,Contanct Information 5-16,text,true,,9120,433,5,33,https://www.demoblaze.com/node_modules/tether/dist/js/tether.min.js,60,0,0
1649942008078,59,Step5/bm.png-336,200,OK,Contanct Information 5-17,bin,true,,4263,419,5,33,https://www.demoblaze.com/bm.png,55,0,0
1649942008125,27,Step5/success.txt-330,200,OK,Contanct Information 5-20,text,true,,220,303,5,33,http://detectportal.firefox.com/success.txt?ipv6,27,0,0
1649942008133,61,Step5/bm.png-336,200,OK,Contanct Information 5-16,bin,true,,4263,419,5,33,https://www.demoblaze.com/bm.png,59,0,0
1649942008137,70,Step5/imgs/front.jpg-339,200,OK,Contanct Information 5-17,bin,true,,24949,427,5,33,https://www.demoblaze.com/imgs/front.jpg,56,0,0
1649942008121,92,Step5/node_modules/videojs-contrib-hls/dist/videojs-contrib-hls.min.js-323,200,OK,Contanct Information 5-19,text,true,,73105,456,4,32,https://www.demoblaze.com/node_modules/videojs-contrib-hls/dist/videojs-contrib-hls.min.js,66,0,0
1649942008132,83,Step5/node_modules/videojs-contrib-hls/dist/videojs-contrib-hls.min.js-323,200,OK,Contanct Information 5-18,text,true,,72692,456,4,32,https://www.demoblaze.com/node_modules/videojs-contrib-hls/dist/videojs-contrib-hls.min.js,64,0,0
1649942008152,73,Step5/node_modules/jquery/dist/jquery.min.js-325,200,OK,Contanct Information 5-20,text,true,,36121,430,4,31,https://www.demoblaze.com/node_modules/jquery/dist/jquery.min.js,64,0,0
1649942008194,57,Step5/imgs/front.jpg-339,200,OK,Contanct Information 5-16,bin,true,,24949,427,4,31,https://www.demoblaze.com/imgs/front.jpg,52,0,0
1649942008213,55,Step5/js/index.js-327,200,OK,Contanct Information 5-19,text,true,,3001,403,3,30,https://www.demoblaze.com/js/index.js,55,0,0
1649942008215,55,Step5/js/index.js-327,200,OK,Contanct Information 5-18,text,true,,2939,403,3,30,https://www.demoblaze.com/js/index.js,54,0,0
1649942008268,52,Step5/node_modules/video.js/dist/video-js.min.css-328,200,OK,Contanct Information 5-19,text,true,,12588,449,3,30,https://www.demoblaze.com/node_modules/video.js/dist/video-js.min.css,50,0,0
1649942008270,55,Step5/node_modules/video.js/dist/video-js.min.css-328,200,OK,Contanct Information 5-18,text,true,,12425,449,3,30,https://www.demoblaze.com/node_modules/video.js/dist/video-js.min.css,54,0,0
1649942008320,57,Step5/css/latofonts.css-331,200,OK,Contanct Information 5-19,text,true,,1284,423,3,30,https://www.demoblaze.com/css/latofonts.css,57,0,0
1649942008325,54,Step5/css/latofonts.css-331,200,OK,Contanct Information 5-18,text,true,,1282,423,3,30,https://www.demoblaze.com/css/latofonts.css,54,0,0
1649942008377,56,Step5/css/latostyle.css-332,200,OK,Contanct Information 5-19,text,true,,1102,423,3,29,https://www.demoblaze.com/css/latostyle.css,56,0,0
1649942008379,55,Step5/css/latostyle.css-332,200,OK,Contanct Information 5-18,text,true,,854,423,3,29,https://www.demoblaze.com/css/latostyle.css,55,0,0
1649942008433,52,Step5/node_modules/bootstrap/dist/js/bootstrap.min.js-333,200,OK,Contanct Information 5-19,text,true,,15346,439,3,29,https://www.demoblaze.com/node_modules/bootstrap/dist/js/bootstrap.min.js,49,0,0
1649942008434,54,Step5/node_modules/bootstrap/dist/js/bootstrap.min.js-333,200,OK,Contanct Information 5-18,text,true,,15544,439,3,29,https://www.demoblaze.com/node_modules/bootstrap/dist/js/bootstrap.min.js,51,0,0
1649942008485,54,Step5/node_modules/tether/dist/js/tether.min.js-334,200,OK,Contanct Information 5-19,text,true,,9189,433,3,29,https://www.demoblaze.com/node_modules/tether/dist/js/tether.min.js,51,0,0
1649942008488,54,Step5/node_modules/tether/dist/js/tether.min.js-334,200,OK,Contanct Information 5-18,text,true,,9264,433,3,29,https://www.demoblaze.com/node_modules/tether/dist/js/tether.min.js,52,0,0
1649942008539,54,Step5/bm.png-336,200,OK,Contanct Information 5-19,bin,true,,4263,419,3,29,https://www.demoblaze.com/bm.png,52,0,0
1649942008542,57,Step5/bm.png-336,200,OK,Contanct Information 5-18,bin,true,,4263,419,3,29,https://www.demoblaze.com/bm.png,55,0,0
1649942008225,409,Step5/node_modules/video.js/dist/video.min.js-326,200,OK,Contanct Information 5-20,text,true,,481570,431,3,29,https://www.demoblaze.com/node_modules/video.js/dist/video.min.js,256,0,0
1649942008593,53,Step5/imgs/front.jpg-339,200,OK,Contanct Information 5-19,bin,true,,24949,427,3,29,https://www.demoblaze.com/imgs/front.jpg,49,0,0
1649942008599,63,Step5/imgs/front.jpg-339,200,OK,Contanct Information 5-18,bin,true,,24949,427,2,28,https://www.demoblaze.com/imgs/front.jpg,56,0,0
1649942008634,74,Step5/node_modules/videojs-contrib-hls/dist/videojs-contrib-hls.min.js-323,200,OK,Contanct Information 5-20,text,true,,72882,456,1,27,https://www.demoblaze.com/node_modules/videojs-contrib-hls/dist/videojs-contrib-hls.min.js,65,0,0
1649942008708,271,Step5/js/index.js-327,200,OK,Contanct Information 5-20,text,true,,2996,403,1,26,https://www.demoblaze.com/js/index.js,271,0,0
1649942008979,53,Step5/node_modules/video.js/dist/video-js.min.css-328,200,OK,Contanct Information 5-20,text,true,,12347,449,1,26,https://www.demoblaze.com/node_modules/video.js/dist/video-js.min.css,51,0,0
1649942009032,51,Step5/css/latofonts.css-331,200,OK,Contanct Information 5-20,text,true,,1246,423,1,26,https://www.demoblaze.com/css/latofonts.css,51,0,0
1649942009083,51,Step5/css/latostyle.css-332,200,OK,Contanct Information 5-20,text,true,,1038,423,1,26,https://www.demoblaze.com/css/latostyle.css,51,0,0
1649942009135,54,Step5/node_modules/bootstrap/dist/js/bootstrap.min.js-333,200,OK,Contanct Information 5-20,text,true,,15646,439,1,26,https://www.demoblaze.com/node_modules/bootstrap/dist/js/bootstrap.min.js,52,0,0
1649942009189,53,Step5/node_modules/tether/dist/js/tether.min.js-334,200,OK,Contanct Information 5-20,text,true,,9308,433,1,26,https://www.demoblaze.com/node_modules/tether/dist/js/tether.min.js,51,0,0
1649942009242,57,Step5/bm.png-336,200,OK,Contanct Information 5-20,bin,true,,4263,419,1,26,https://www.demoblaze.com/bm.png,57,0,0
1649942009299,58,Step5/imgs/front.jpg-339,200,OK,Contanct Information 5-20,bin,true,,24949,427,1,26,https://www.demoblaze.com/imgs/front.jpg,53,0,0
